ID,smoking
19200,0
7784,0
11682,0
9949,0
9378,0
12596,0
1441,0
1520,0
1271,0
15819,0
6594,0
6287,0
18232,0
5425,0
17236,0
6427,0
8716,0
12105,0
2481,0
2345,0
4300,0
17860,0
4539,0
5385,0
12999,0
1373,0
18063,0
9286,0
12836,0
6322,0
5594,0
11525,0
12090,0
9562,0
16500,0
9253,0
19481,0
5125,0
18738,0
16445,0
8753,0
9518,0
8909,0
17536,0
3583,0
8604,0
5434,0
9288,0
6230,0
3232,0
4432,0
15941,0
16967,0
18753,0
4630,0
17677,0
14323,0
3831,0
12055,0
18483,0
7001,0
15066,0
9719,0
9774,0
19650,0
17462,0
19089,0
13773,0
19360,0
18260,0
4098,0
2846,0
12240,0
3552,0
18813,0
8445,0
15768,0
1615,0
11955,0
9485,0
14799,0
17167,0
3713,0
17897,0
11245,0
15274,0
6982,0
1640,0
18697,0
15952,0
10574,0
9586,0
17639,0
11017,0
2068,0
851,0
9185,0
7086,0
12031,0
17,0
5112,0
18394,0
8560,0
13814,0
14846,0
2862,0
12825,0
8808,0
17480,0
19205,0
9241,0
12662,0
15132,0
15649,0
15470,0
14942,0
2228,0
5394,0
3218,0
12407,0
5170,0
3723,0
15672,0
9113,0
10124,0
6447,0
15441,0
7911,0
16998,0
12155,0
9828,0
10133,0
12693,0
15223,0
197,0
8584,0
10172,0
11114,0
15240,0
3386,0
3165,0
2204,0
13625,0
6226,0
17764,0
5012,0
10279,0
2262,0
13205,0
4441,0
8353,0
12034,0
2816,0
4039,0
2644,0
8958,0
2257,0
6602,0
13465,0
1239,0
11701,0
1536,0
10078,0
2575,0
15351,0
2374,0
2629,0
9841,0
2576,0
7288,0
1032,0
10033,0
10174,0
13330,0
14211,0
9896,0
17970,0
18528,0
5426,0
8280,0
7390,0
15056,0
8752,0
3420,0
5566,0
17909,0
8132,0
19132,0
2914,0
9467,0
18814,0
1845,0
678,0
931,0
6628,0
5315,0
5259,0
9597,0
4007,0
278,0
5909,0
6932,0
5688,0
6623,0
4919,0
11025,0
842,0
4946,0
1474,0
7200,0
9085,0
7283,0
18252,0
11234,0
19539,0
17101,0
16647,0
12478,0
14981,0
1310,0
11378,0
2893,0
9632,0
18820,0
18679,0
2922,0
12052,0
11557,0
7345,0
7810,0
4382,0
19572,0
9462,0
1919,0
12531,0
15471,0
12011,0
7457,0
10678,0
2407,0
4143,0
6151,0
773,0
13983,0
9668,0
10350,0
15100,0
5327,0
19323,0
13374,0
5546,0
4405,0
7982,0
14057,0
18173,0
19547,0
573,0
7882,0
7009,0
12804,0
122,0
7069,0
15259,0
5484,0
8803,0
8129,0
10498,0
5072,0
1173,0
8062,0
18339,0
16349,0
1142,0
18476,0
11899,0
9272,0
13150,0
2585,0
9480,0
14272,0
3445,0
16422,0
17152,0
1762,0
2022,0
15148,0
207,0
16215,0
4425,0
6014,0
6053,0
19157,0
5038,0
3491,0
12732,0
3741,0
4950,0
7554,0
3857,0
289,0
14553,0
13867,0
5395,0
653,0
14692,0
2814,0
12762,0
9587,0
14927,0
1983,0
5912,0
16449,0
17647,0
12466,0
12865,0
12834,0
8852,0
17045,0
14755,0
7514,0
9295,0
7013,0
7928,0
11757,0
5035,0
15902,0
6878,0
8988,0
14624,0
16605,0
12166,0
3511,0
13336,0
15921,0
13793,0
17838,0
16265,0
737,0
18308,0
14273,0
10630,0
13209,0
12993,0
6578,0
4832,0
15051,0
17038,0
5662,0
13957,0
13189,0
16397,0
11975,0
13128,0
299,0
1999,0
11387,0
5173,0
17527,0
2749,0
1197,0
12364,0
17721,0
8589,0
18605,0
17273,0
17954,0
11674,0
7232,0
994,0
2702,0
9117,0
6759,0
10740,0
203,0
12421,0
10745,0
8879,0
8684,0
2087,0
15609,0
19590,0
399,0
5723,0
2934,0
18400,0
10847,0
3658,0
1949,0
12534,0
4491,0
11483,0
14937,0
1123,0
15783,0
2404,0
19651,0
4,0
14283,0
3309,0
6874,0
15519,0
10897,0
13602,0
51,0
16861,0
158,0
4158,0
18991,0
15075,0
2054,0
7926,0
17839,0
1439,0
8895,0
11548,0
4665,0
7158,0
16948,0
17634,0
1749,0
14442,0
4251,0
14186,0
517,0
880,0
8931,0
17956,0
11733,0
12751,0
9271,0
18306,0
14848,0
9048,0
11693,0
10094,0
3942,0
14188,0
13229,0
3342,0
8492,0
8820,0
15267,0
1371,0
5719,0
5561,0
10421,0
2232,0
13008,0
4186,0
9689,0
17027,0
9531,0
10638,0
16924,0
13236,0
6879,0
17974,0
8175,0
10228,0
362,0
3341,0
4005,0
549,0
11994,0
15346,0
17317,0
1710,0
11077,0
5628,0
18886,0
11594,0
10737,0
10415,0
18805,0
9764,0
10487,0
6551,0
14902,0
13389,0
4363,0
14589,0
12809,0
9114,0
642,0
13312,0
3018,0
15354,0
19748,0
833,0
1053,0
8622,0
9640,0
12790,0
16499,0
10766,0
16730,0
12866,0
15558,0
14220,0
7591,0
15595,0
14977,0
2317,0
2928,0
5556,0
18160,0
3126,0
19397,0
14847,0
3623,0
8212,0
16553,0
11603,0
7456,0
11458,0
8759,0
5441,0
1203,0
10758,0
19703,0
13799,0
10001,0
2475,0
14985,0
9885,0
4240,0
15162,0
11332,0
1669,0
10938,0
1204,0
5798,0
4843,0
7164,0
9548,0
16523,0
3346,0
13787,0
7769,0
8934,0
2693,0
8963,0
6123,0
15474,0
15565,0
10419,0
8056,0
3272,0
4564,0
1944,0
6391,0
19663,0
18216,0
11127,0
9094,0
9824,0
4175,0
6299,0
11931,0
3286,0
1488,0
16272,0
13248,0
7087,0
13341,0
17290,0
8100,0
18989,0
3602,0
17233,0
15596,0
8545,0
3676,0
194,0
13836,0
6051,0
14375,0
10530,0
16543,0
4710,0
12932,0
12565,0
13284,0
17883,0
13624,0
7890,0
10775,0
13657,0
1965,0
19088,0
9157,0
4888,0
10854,0
19615,0
19069,0
19306,0
2540,0
17305,0
2208,0
5121,0
14872,0
12992,0
6715,0
7974,0
16994,0
13262,0
16207,0
11873,0
3423,0
9490,0
1872,0
19372,0
14499,0
12422,0
15579,0
11597,0
9465,0
6341,0
11890,0
8427,0
5790,0
17139,0
13904,0
17531,0
9630,0
8372,0
14990,0
1451,0
16693,0
9709,0
1498,0
6841,0
17959,0
10408,0
12296,0
787,0
5399,0
556,0
131,0
8511,0
10736,0
7636,0
320,0
16782,0
2716,0
763,0
17969,0
15734,0
2627,0
15469,0
15817,0
16583,0
1670,0
2683,0
4785,0
8647,0
13266,0
6267,0
2650,0
10214,0
13822,0
4230,0
6860,0
4174,0
1597,0
9675,0
8051,0
15157,0
7778,0
19234,0
11498,0
19346,0
17600,0
4747,0
3345,0
17642,0
373,0
15785,0
16249,0
12027,0
9968,0
19245,0
7066,0
17112,0
6918,0
10481,0
7353,0
1012,0
9356,0
18797,0
15782,0
17779,0
12396,0
13510,0
71,0
8384,0
1103,0
14609,0
15859,0
19294,0
17842,0
7421,0
17109,0
519,0
14656,0
8107,0
12195,0
755,0
15917,0
4123,0
19265,0
14410,0
6737,0
12543,0
17907,0
6052,0
13117,0
5752,0
18073,0
2555,0
9607,0
7385,0
1830,0
6956,0
5010,0
7258,0
17050,0
10386,0
12895,0
19176,0
11721,0
18131,0
1392,0
871,0
9759,0
14209,0
18150,0
2415,0
6620,0
4663,0
4464,0
1765,0
60,0
3043,0
2335,0
16714,0
4351,0
15646,0
1415,0
10507,0
81,0
10663,0
18734,0
18411,0
4085,0
9953,0
6619,0
17377,0
4275,0
17023,0
17750,0
18790,0
9375,0
17546,0
141,0
13338,0
8937,0
2307,0
4164,0
224,0
10793,0
9111,0
3316,0
12765,0
12144,0
15211,0
2132,0
9784,0
8139,0
6380,0
5447,0
6006,0
5568,0
11580,0
3971,0
8022,0
13565,0
4817,0
8626,0
15654,0
3859,0
12201,0
15631,0
5161,0
3901,0
2322,0
16129,0
7467,0
1565,0
2732,0
4377,0
8023,0
17281,0
9838,0
11362,0
16450,0
18628,0
8985,0
15714,0
19112,0
796,0
13202,0
17040,0
11393,0
4607,0
10349,0
6070,0
7315,0
528,0
1490,0
10336,0
7857,0
5837,0
12960,0
10339,0
10971,0
19773,0
12812,0
1364,0
5817,0
18775,0
15727,0
12173,0
4018,0
7407,0
9420,0
14033,0
17893,0
10794,0
12148,0
2655,0
8360,0
2125,0
13538,0
12233,0
34,0
6210,0
9266,0
13619,0
6649,0
2060,0
1116,0
1457,0
14098,0
1055,0
8090,0
7520,0
17466,0
4071,0
17646,0
16088,0
12192,0
12294,0
8419,0
11566,0
4301,0
16291,0
3579,0
18134,0
17678,0
4696,0
13546,0
4948,0
6468,0
11568,0
5809,0
5301,0
66,0
5230,0
18286,0
3343,0
3391,0
12381,0
3701,0
798,0
5729,0
4332,0
2312,0
2420,0
8973,0
2160,0
19297,0
13749,0
18059,0
18374,0
3872,0
18393,0
18303,0
11177,0
8702,0
15202,0
1928,0
17871,0
16038,0
6216,0
8993,0
8789,0
19643,0
5890,0
2280,0
14434,0
6817,0
11970,0
18581,0
5044,0
2664,0
702,0
2859,0
16930,0
14194,0
10602,0
15306,0
14745,0
18265,0
15034,0
18888,0
5086,0
9614,0
17003,0
11635,0
4877,0
11389,0
6001,0
958,0
3393,0
1673,0
15404,0
16923,0
13570,0
13314,0
11222,0
2231,0
9722,0
5240,0
6488,0
3997,0
9264,0
10852,0
14287,0
5208,0
18492,0
11035,0
4394,0
2437,0
8631,0
11724,0
14678,0
2188,0
16838,0
17391,0
7743,0
15352,0
3856,0
7771,0
15227,0
3132,0
12537,0
9343,0
12104,0
7807,0
17619,0
17314,0
11278,0
14371,0
18923,0
5881,0
8381,0
7078,0
2143,0
9822,0
12644,0
1312,0
3456,0
6125,0
6327,0
5448,0
9350,0
11144,0
14363,0
1218,0
17431,0
4566,0
19533,0
7640,0
15807,0
19215,0
458,0
12030,0
6232,0
5239,0
6183,0
16939,0
11813,0
19428,0
10557,0
17515,0
6766,0
10723,0
9040,0
17355,0
402,0
17243,0
1126,0
17906,0
569,0
12939,0
925,0
17283,0
12510,0
16692,0
16762,0
6876,0
5900,0
1633,0
3962,0
14134,0
592,0
10237,0
5804,0
17153,0
1160,0
18902,0
10437,0
7220,0
2516,0
17534,0
1641,0
5750,0
10912,0
13946,0
7864,0
19238,0
7569,0
3064,0
15465,0
12905,0
8612,0
11414,0
12048,0
19210,0
8663,0
13647,0
13655,0
5397,0
9973,0
8546,0
12632,0
8237,0
1169,0
5993,0
4083,0
1788,0
7182,0
8207,0
7025,0
11489,0
4984,0
12160,0
1460,0
5620,0
17081,0
15816,0
11790,0
2001,0
13453,0
11435,0
3653,0
9357,0
2903,0
13972,0
13830,0
2492,0
12754,0
257,0
17285,0
13319,0
8508,0
12955,0
5708,0
16375,0
17105,0
15590,0
4202,0
1663,0
8815,0
882,0
406,0
17399,0
19730,0
16231,0
7163,0
11766,0
864,0
13713,0
17119,0
6506,0
16908,0
11910,0
16889,0
6157,0
7245,0
15844,0
4181,0
9180,0
14693,0
5284,0
19450,0
8919,0
3138,0
7325,0
1893,0
6252,0
7834,0
7960,0
12805,0
1997,0
15136,0
14130,0
14332,0
2901,0
5619,0
16195,0
9365,0
14890,0
740,0
18418,0
14054,0
9440,0
12344,0
7893,0
944,0
9402,0
11133,0
9834,0
14962,0
17837,0
35,0
3572,0
2991,0
16152,0
19478,0
607,0
17354,0
1022,0
12121,0
18149,0
14802,0
7908,0
5445,0
9417,0
12475,0
15994,0
15222,0
16481,0
11711,0
6925,0
18074,0
9107,0
18651,0
11507,0
9697,0
13222,0
13635,0
16858,0
6516,0
2205,0
3125,0
18094,0
6499,0
1211,0
5785,0
5957,0
16214,0
15610,0
12648,0
6504,0
2984,0
11847,0
13218,0
8489,0
16453,0
6990,0
3479,0
6392,0
11335,0
15236,0
16415,0
18103,0
3472,0
10126,0
17043,0
9296,0
14532,0
3489,0
10967,0
19225,0
5626,0
10478,0
13982,0
107,0
936,0
4796,0
5162,0
3334,0
3194,0
16046,0
8455,0
5213,0
10086,0
1334,0
11188,0
19648,0
11529,0
10679,0
12672,0
6220,0
9329,0
9370,0
8264,0
7120,0
13733,0
14166,0
9377,0
859,0
7414,0
3094,0
10436,0
19506,0
8416,0
10245,0
5319,0
1356,0
7726,0
7920,0
1207,0
14379,0
7794,0
1279,0
17676,0
6939,0
9770,0
1152,0
687,0
5573,0
15958,0
16931,0
7192,0
4341,0
12440,0
7927,0
18127,0
8097,0
17747,0
19222,0
9549,0
19520,0
4485,0
7913,0
8141,0
2647,0
400,0
9313,0
13493,0
834,0
15679,0
13540,0
95,0
16439,0
1680,0
10734,0
6692,0
3469,0
19212,0
16960,0
31,0
5946,0
12452,0
4057,0
7595,0
13160,0
17332,0
15480,0
18722,0
14023,0
6992,0
7276,0
7606,0
8095,0
12209,0
615,0
7697,0
16043,0
5816,0
5939,0
4139,0
13654,0
14836,0
19694,0
17637,0
8155,0
6505,0
18587,0
17276,0
5006,0
12525,0
14596,0
12690,0
19558,0
9658,0
8521,0
3112,0
18649,0
13010,0
2786,0
2009,0
13590,0
8727,0
8126,0
6890,0
12483,0
17989,0
3792,0
4223,0
6647,0
1914,0
13486,0
16764,0
7977,0
8579,0
19633,0
17158,0
4944,0
14702,0
19024,0
11648,0
12512,0
6303,0
9215,0
12029,0
10142,0
8482,0
18745,0
3811,0
3858,0
12968,0
15940,0
5330,0
13194,0
2019,0
2152,0
2965,0
11871,0
12946,0
19352,0
15369,0
15573,0
11926,0
11195,0
13574,0
17304,0
4160,0
410,0
1470,0
2654,0
6726,0
2050,0
18595,0
16886,0
5111,0
15266,0
15270,0
5053,0
5682,0
11436,0
1196,0
1317,0
5963,0
16964,0
2182,0
9183,0
3697,0
1311,0
19405,0
13509,0
3867,0
10090,0
17149,0
7969,0
3889,0
7598,0
14856,0
5715,0
200,0
4553,0
2277,0
3891,0
10048,0
10925,0
18594,0
4426,0
1822,0
11860,0
1081,0
4737,0
15724,0
16220,0
13788,0
16441,0
12069,0
19488,0
4478,0
2875,0
12981,0
4447,0
8760,0
4295,0
2512,0
9765,0
4389,0
5575,0
18109,0
1166,0
7714,0
1430,0
9974,0
11795,0
3562,0
3537,0
10018,0
16276,0
7140,0
3817,0
14721,0
4110,0
13652,0
2387,0
7138,0
12646,0
10370,0
19492,0
10645,0
8326,0
7508,0
3304,0
2621,0
14534,0
1025,0
6952,0
881,0
17829,0
15033,0
16150,0
5994,0
5463,0
18893,0
6248,0
14896,0
5096,0
16269,0
1206,0
13524,0
13098,0
1242,0
9616,0
8158,0
9522,0
5670,0
15779,0
10203,0
14880,0
19249,0
9090,0
10054,0
5222,0
9179,0
15120,0
10657,0
17299,0
7435,0
12921,0
10450,0
6948,0
12611,0
3045,0
8930,0
1321,0
16114,0
5522,0
10302,0
11197,0
2077,0
16739,0
17902,0
11728,0
12298,0
5346,0
482,0
12886,0
208,0
521,0
8921,0
16868,0
13639,0
3276,0
18884,0
7850,0
11180,0
15076,0
11773,0
2260,0
7052,0
2508,0
14399,0
3339,0
44,0
17877,0
18767,0
18253,0
3799,0
7652,0
18495,0
10233,0
14958,0
17665,0
876,0
748,0
17895,0
14528,0
6540,0
11930,0
9581,0
7444,0
16636,0
19495,0
17596,0
8886,0
7482,0
13061,0
9100,0
3417,0
10611,0
16919,0
4111,0
6238,0
14509,0
1768,0
10754,0
4509,0
12493,0
19646,0
11238,0
18098,0
6023,0
12018,0
13055,0
9133,0
5156,0
276,0
19288,0
10733,0
6866,0
438,0
8692,0
585,0
13869,0
6109,0
19037,0
15230,0
12426,0
3728,0
7070,0
16008,0
3188,0
10165,0
12445,0
2499,0
11974,0
1482,0
1850,0
19661,0
10577,0
15233,0
6450,0
12234,0
6636,0
17114,0
3240,0
1651,0
9943,0
12964,0
2436,0
6510,0
15800,0
15752,0
9000,0
4906,0
8,0
18259,0
6983,0
3452,0
8653,0
18891,0
7110,0
16027,0
11280,0
4838,0
4414,0
12309,0
15956,0
8700,0
15529,0
8148,0
9809,0
12600,0
16526,0
16457,0
15463,0
8347,0
11415,0
14022,0
9175,0
90,0
13424,0
2241,0
3897,0
2477,0
854,0
835,0
8920,0
14912,0
3117,0
10603,0
5403,0
12098,0
13450,0
6490,0
9460,0
14170,0
4149,0
10711,0
10042,0
3751,0
14071,0
1466,0
15695,0
9431,0
17378,0
6035,0
17400,0
6200,0
19174,0
9205,0
11418,0
8236,0
2742,0
5209,0
16328,0
15746,0
16529,0
96,0
11843,0
9472,0
18291,0
12554,0
7021,0
2417,0
13988,0
12239,0
15786,0
7923,0
7715,0
16026,0
3326,0
14571,0
11775,0
7557,0
15916,0
4596,0
10380,0
9516,0
3088,0
1094,0
18377,0
14308,0
10539,0
14256,0
5049,0
16106,0
14254,0
4227,0
7986,0
426,0
8984,0
7602,0
5461,0
13274,0
1018,0
16028,0
9626,0
11709,0
16382,0
9204,0
4514,0
19078,0
13649,0
16414,0
7524,0
13753,0
1951,0
13528,0
5402,0
3758,0
13584,0
8686,0
9864,0
15880,0
16040,0
7281,0
13301,0
19337,0
9414,0
15591,0
13809,0
10614,0
16617,0
9625,0
15972,0
2800,0
3210,0
5694,0
8986,0
2128,0
10132,0
7357,0
9743,0
4945,0
19542,0
13317,0
17588,0
14843,0
1061,0
9677,0
1509,0
4829,0
19136,0
6176,0
19509,0
945,0
15293,0
13891,0
12138,0
4411,0
2238,0
1176,0
19467,0
19336,0
550,0
11585,0
7250,0
12682,0
13677,0
15175,0
1192,0
2645,0
12760,0
13191,0
4113,0
17576,0
3322,0
5873,0
7963,0
4427,0
8723,0
123,0
8295,0
18490,0
18560,0
10874,0
3244,0
4357,0
4752,0
11034,0
2888,0
13609,0
5843,0
120,0
14791,0
10091,0
19601,0
4883,0
17792,0
17614,0
140,0
4730,0
2652,0
18934,0
9274,0
14666,0
13444,0
924,0
18984,0
6479,0
8146,0
11205,0
12594,0
5091,0
14617,0
17622,0
2609,0
8477,0
10572,0
15676,0
312,0
5515,0
16581,0
14577,0
9573,0
4254,0
16525,0
3505,0
17477,0
1918,0
8431,0
15200,0
13213,0
17914,0
19143,0
15430,0
14453,0
3474,0
1332,0
2471,0
2789,0
8183,0
11482,0
12786,0
1005,0
2740,0
2465,0
443,0
16427,0
4148,0
7207,0
1643,0
6482,0
18681,0
17882,0
16266,0
5428,0
11309,0
9233,0
13700,0
17509,0
486,0
18463,0
19307,0
14850,0
15700,0
9331,0
17719,0
7398,0
17370,0
10136,0
9016,0
10593,0
13467,0
17092,0
10641,0
7396,0
19379,0
9389,0
2856,0
8451,0
4608,0
15411,0
6086,0
222,0
17308,0
9938,0
16674,0
2444,0
6218,0
6509,0
10535,0
7023,0
18518,0
10241,0
1079,0
6859,0
13031,0
6340,0
2390,0
14967,0
1608,0
8916,0
5654,0
15544,0
4667,0
16412,0
5768,0
18776,0
13259,0
2166,0
16558,0
9593,0
8904,0
8859,0
8423,0
558,0
16641,0
10710,0
4622,0
13734,0
17840,0
1275,0
14257,0
2089,0
3744,0
4241,0
9703,0
4011,0
1779,0
814,0
17194,0
8890,0
19393,0
19362,0
4182,0
8165,0
16996,0
14225,0
11048,0
13973,0
15860,0
16981,0
10446,0
14804,0
5953,0
5666,0
4415,0
18256,0
10127,0
11552,0
8810,0
11723,0
15965,0
13505,0
2641,0
17698,0
5311,0
17965,0
18193,0
12511,0
14268,0
5646,0
11524,0
8975,0
14,0
10763,0
12480,0
18440,0
18608,0
13847,0
18792,0
12491,0
6199,0
12360,0
16336,0
19463,0
2435,0
10880,0
10113,0
17608,0
8263,0
16578,0
12649,0
15237,0
18439,0
14324,0
1712,0
11647,0
17159,0
9768,0
13325,0
10031,0
667,0
7265,0
18389,0
2705,0
14834,0
17563,0
13009,0
16622,0
9823,0
14917,0
19692,0
7572,0
8980,0
3038,0
12802,0
4027,0
875,0
2201,0
16077,0
908,0
7589,0
11475,0
1660,0
16343,0
17734,0
10430,0
7307,0
9705,0
19690,0
12530,0
17532,0
10715,0
17830,0
3128,0
10346,0
10899,0
4982,0
19246,0
2457,0
9089,0
19518,0
13564,0
11858,0
2818,0
12347,0
16612,0
14559,0
14346,0
3930,0
3073,0
15310,0
2594,0
16145,0
10134,0
2658,0
4449,0
14364,0
18669,0
3662,0
17896,0
4609,0
7576,0
1427,0
9671,0
6079,0
9470,0
18024,0
12951,0
9363,0
5195,0
1910,0
981,0
7587,0
4990,0
17625,0
3955,0
9928,0
2505,0
6173,0
369,0
14107,0
13017,0
524,0
2381,0
14590,0
15435,0
6046,0
130,0
17863,0
2964,0
18955,0
1149,0
5548,0
18519,0
7708,0
4584,0
15852,0
2892,0
1043,0
18227,0
14869,0
14823,0
14884,0
8657,0
9380,0
4902,0
6263,0
2608,0
5504,0
285,0
8039,0
1855,0
1198,0
12607,0
11342,0
19583,0
15761,0
4647,0
6583,0
14132,0
3280,0
5456,0
6388,0
6643,0
17983,0
16603,0
11471,0
280,0
14737,0
18867,0
4033,0
8016,0
9648,0
17437,0
9782,0
11198,0
18634,0
1013,0
13832,0
7162,0
16010,0
6358,0
6042,0
13536,0
4146,0
19635,0
16516,0
3869,0
13567,0
6451,0
9980,0
7205,0
17812,0
14800,0
14344,0
2439,0
15879,0
5988,0
11057,0
8296,0
4733,0
4670,0
6862,0
18626,0
15381,0
2397,0
15052,0
19603,0
11528,0
4344,0
5848,0
9391,0
13159,0
12759,0
9301,0
1568,0
11807,0
10469,0
5200,0
5514,0
19624,0
8849,0
18592,0
5372,0
164,0
13968,0
2258,0
5183,0
367,0
13620,0
8685,0
10513,0
10990,0
11002,0
9909,0
7626,0
8611,0
9644,0
6458,0
8293,0
17115,0
2806,0
15042,0
17429,0
12716,0
6576,0
11014,0
14374,0
3004,0
13876,0
15329,0
1679,0
6233,0
10044,0
6368,0
9138,0
6140,0
2885,0
11322,0
7953,0
17409,0
5923,0
4811,0
12229,0
12221,0
2974,0
17620,0
3946,0
3310,0
14184,0
6639,0
10941,0
5807,0
13463,0
10661,0
3024,0
18345,0
10114,0
17592,0
10405,0
15949,0
6670,0
16547,0
9406,0
13732,0
8434,0
6472,0
6709,0
2790,0
12053,0
1109,0
17815,0
6338,0
4086,0
11518,0
10719,0
5517,0
6518,0
3324,0
11880,0
6031,0
9753,0
11331,0
19304,0
8185,0
12390,0
6209,0
1560,0
17235,0
10456,0
14237,0
3318,0
17270,0
13081,0
4856,0
10442,0
10404,0
11571,0
4087,0
13026,0
18995,0
7765,0
13472,0
10848,0
18644,0
11067,0
3097,0
19387,0
6544,0
3461,0
752,0
419,0
1077,0
12945,0
479,0
9316,0
14868,0
11109,0
9221,0
2753,0
16909,0
18769,0
6571,0
1209,0
17075,0
7097,0
15892,0
3083,0
18959,0
7196,0
3703,0
2767,0
14879,0
3485,0
10206,0
8081,0
8617,0
17335,0
14247,0
13085,0
12492,0
11486,0
15018,0
11230,0
10701,0
19028,0
8110,0
15309,0
18012,0
15367,0
439,0
6772,0
1395,0
5122,0
4629,0
13772,0
12113,0
17106,0
7556,0
8311,0
626,0
12224,0
6076,0
11210,0
14357,0
6770,0
12301,0
4244,0
886,0
232,0
15137,0
812,0
17137,0
9662,0
11953,0
4444,0
726,0
11532,0
14016,0
3220,0
14122,0
15788,0
2170,0
4316,0
12241,0
17774,0
17189,0
17206,0
11570,0
8430,0
1201,0
17004,0
6660,0
14190,0
5241,0
16950,0
17356,0
15335,0
1930,0
4221,0
13781,0
4857,0
8283,0
16744,0
11959,0
11155,0
4008,0
4534,0
12190,0
3352,0
17720,0
7663,0
382,0
14832,0
11960,0
9174,0
17939,0
17198,0
9611,0
14522,0
3174,0
5451,0
2781,0
5487,0
11859,0
2104,0
9383,0
10777,0
8539,0
10473,0
7906,0
7505,0
17120,0
8713,0
18378,0
7686,0
557,0
3085,0
14121,0
18947,0
6851,0
17090,0
11194,0
14622,0
11641,0
821,0
17440,0
2954,0
15606,0
2639,0
5132,0
6679,0
17195,0
10992,0
11677,0
747,0
2682,0
18015,0
5792,0
11066,0
10202,0
5569,0
2080,0
2565,0
9397,0
16586,0
1805,0
18079,0
18548,0
7139,0
8218,0
17708,0
14837,0
7499,0
14038,0
10002,0
13858,0
15119,0
14289,0
9509,0
3575,0
15196,0
16263,0
12749,0
9134,0
4628,0
13329,0
10027,0
15799,0
14138,0
10962,0
13671,0
12442,0
8952,0
2032,0
16350,0
6711,0
6314,0
10976,0
9282,0
6686,0
2210,0
11621,0
10445,0
4788,0
6542,0
6600,0
7696,0
18521,0
11211,0
8551,0
8961,0
13351,0
1097,0
4116,0
3076,0
14508,0
7873,0
15825,0
628,0
15431,0
15269,0
17383,0
18954,0
11137,0
7683,0
14892,0
13044,0
18466,0
10444,0
1738,0
11248,0
5551,0
19385,0
10255,0
13747,0
11690,0
6386,0
15810,0
4095,0
4756,0
5645,0
3200,0
17679,0
12791,0
7106,0
16774,0
2446,0
877,0
11623,0
8380,0
19514,0
19107,0
3539,0
5571,0
2112,0
7363,0
9989,0
16918,0
13603,0
4031,0
14010,0
14507,0
5532,0
16916,0
17346,0
7543,0
19769,0
9628,0
6971,0
17769,0
8091,0
3677,0
10280,0
7858,0
5720,0
1827,0
10993,0
371,0
2844,0
14938,0
4684,0
9530,0
136,0
13234,0
13048,0
19700,0
4258,0
12820,0
1386,0
13851,0
10461,0
10647,0
16076,0
12140,0
6889,0
8530,0
10832,0
6295,0
9533,0
18757,0
18475,0
15507,0
2900,0
4068,0
17127,0
15708,0
9866,0
19749,0
17599,0
4482,0
18422,0
14317,0
8513,0
12980,0
19442,0
8220,0
7789,0
15977,0
11740,0
536,0
19685,0
13585,0
19756,0
5169,0
15503,0
596,0
16456,0
6439,0
12177,0
11140,0
10839,0
10077,0
128,0
16379,0
5775,0
2741,0
11695,0
3850,0
4914,0
7309,0
603,0
11264,0
3528,0
1773,0
16105,0
8983,0
734,0
11450,0
11049,0
17529,0
7768,0
9140,0
3706,0
13794,0
6999,0
15802,0
14276,0
13184,0
11555,0
17586,0
230,0
1774,0
1181,0
19656,0
8488,0
18515,0
18625,0
19793,0
7053,0
10317,0
7644,0
11477,0
6912,0
15743,0
14299,0
19188,0
6768,0
18711,0
18503,0
19517,0
13361,0
5892,0
14150,0
10191,0
7605,0
2908,0
11409,0
18804,0
2243,0
14733,0
12331,0
1221,0
10960,0
7091,0
9941,0
15092,0
1249,0
14339,0
2952,0
3652,0
16496,0
13563,0
11619,0
18496,0
1868,0
2352,0
506,0
12474,0
6631,0
3307,0
13084,0
10578,0
19375,0
5564,0
6888,0
11225,0
18267,0
15133,0
12835,0
1622,0
6920,0
889,0
12263,0
18702,0
900,0
19729,0
316,0
19751,0
12433,0
9926,0
9927,0
1754,0
13221,0
4294,0
9696,0
3187,0
8834,0
16666,0
13902,0
12713,0
9706,0
6696,0
19104,0
14215,0
18602,0
979,0
2582,0
11004,0
14914,0
3803,0
17745,0
780,0
5179,0
11189,0
18531,0
5009,0
5596,0
8755,0
1681,0
735,0
11877,0
10385,0
17861,0
19597,0
17738,0
6949,0
17446,0
10919,0
17579,0
8397,0
17085,0
7750,0
8648,0
9999,0
6131,0
7746,0
10341,0
3998,0
13293,0
7447,0
7537,0
2295,0
1495,0
3498,0
15069,0
1512,0
17311,0
7703,0
11828,0
4704,0
14478,0
9273,0
13686,0
4617,0
17825,0
17818,0
18717,0
5060,0
16546,0
19543,0
16757,0
11091,0
3618,0
12854,0
2326,0
7790,0
1996,0
16243,0
2330,0
5217,0
5196,0
16624,0
15854,0
17138,0
11301,0
4108,0
12978,0
7757,0
9539,0
2870,0
4775,0
8001,0
8187,0
5046,0
462,0
18051,0
17925,0
13991,0
6379,0
7539,0
12074,0
16577,0
10326,0
16639,0
18099,0
6850,0
2494,0
7995,0
8504,0
532,0
16080,0
11161,0
1988,0
5082,0
17415,0
17778,0
3026,0
17472,0
10013,0
3157,0
18725,0
4506,0
18041,0
12798,0
19545,0
10637,0
17918,0
496,0
6269,0
16051,0
5625,0
6047,0
10474,0
1434,0
13719,0
3463,0
19172,0
9747,0
16561,0
8287,0
992,0
3888,0
13206,0
13613,0
13748,0
8583,0
4330,0
13387,0
2542,0
14873,0
7984,0
14280,0
12903,0
14145,0
4152,0
17857,0
2985,0
6911,0
1599,0
9410,0
4180,0
9912,0
18195,0
6111,0
7699,0
1491,0
3987,0
3330,0
98,0
1627,0
4897,0
5899,0
8485,0
19272,0
5887,0
1972,0
4849,0
16569,0
3051,0
9859,0
6240,0
11840,0
18850,0
10728,0
2764,0
3509,0
6569,0
15485,0
17539,0
1036,0
581,0
9699,0
19500,0
15156,0
4198,0
17525,0
19065,0
12431,0
7041,0
10466,0
7641,0
7883,0
680,0
7193,0
8117,0
7473,0
19173,0
2823,0
3685,0
19418,0
11175,0
8844,0
17636,0
18618,0
8506,0
7115,0
18225,0
11020,0
18319,0
10069,0
9506,0
4361,0
8567,0
11527,0
3497,0
10635,0
9843,0
3518,0
10263,0
5492,0
3588,0
10961,0
16999,0
14435,0
15812,0
2712,0
2365,0
7691,0
6720,0
15247,0
3020,0
11039,0
1753,0
8726,0
13866,0
19752,0
10986,0
4772,0
10867,0
10989,0
13569,0
4820,0
3899,0
17376,0
10438,0
17975,0
12740,0
10157,0
19611,0
4253,0
6400,0
10208,0
13701,0
7901,0
13024,0
1848,0
4886,0
19388,0
6134,0
4755,0
15564,0
14185,0
19012,0
15974,0
16376,0
2858,0
2810,0
18647,0
10327,0
3795,0
6970,0
4317,0
1700,0
9714,0
19584,0
14531,0
18214,0
12615,0
8756,0
6373,0
17142,0
6622,0
99,0
1265,0
9987,0
13592,0
1713,0
11727,0
14156,0
10222,0
11407,0
14830,0
8038,0
11015,0
14918,0
6523,0
12270,0
16748,0
17775,0
6239,0
19563,0
10813,0
11710,0
3702,0
15478,0
12060,0
16183,0
6064,0
12656,0
954,0
1002,0
15168,0
7478,0
17522,0
17846,0
4443,0
10552,0
11612,0
5314,0
17607,0
863,0
9715,0
9224,0
1226,0
1551,0
17089,0
19350,0
19224,0
5185,0
18510,0
18007,0
1601,0
5455,0
1955,0
4656,0
15169,0
5041,0
4996,0
2752,0
12695,0
1570,0
16478,0
3613,0
10849,0
17885,0
1067,0
15874,0
8772,0
17617,0
19424,0
16601,0
6598,0
1155,0
1394,0
1254,0
16303,0
14104,0
4461,0
13692,0
100,0
16633,0
6525,0
5997,0
4884,0
5055,0
4115,0
3573,0
7341,0
641,0
9601,0
14143,0
1052,0
17188,0
18632,0
6642,0
12328,0
8498,0
19223,0
18508,0
3372,0
8188,0
10658,0
13183,0
11591,0
8315,0
18283,0
18586,0
1825,0
16102,0
2819,0
13432,0
12126,0
7544,0
10201,0
17108,0
3844,0
8300,0
15451,0
18509,0
18621,0
9344,0
3290,0
1603,0
17471,0
866,0
9010,0
12523,0
9762,0
16054,0
13035,0
1038,0
6195,0
4575,0
5077,0
3355,0
1140,0
16598,0
7865,0
8981,0
12093,0
12871,0
12139,0
13379,0
4923,0
444,0
6896,0
4585,0
11754,0
13783,0
5722,0
16112,0
12509,0
15893,0
4318,0
12775,0
2039,0
15392,0
12612,0
8122,0
6372,0
1839,0
1024,0
19610,0
448,0
15336,0
10085,0
17946,0
2873,0
4453,0
9902,0
6969,0
13204,0
15080,0
19530,0
9503,0
14957,0
18323,0
6765,0
14056,0
5852,0
13916,0
6217,0
8974,0
4210,0
14243,0
12807,0
7100,0
13125,0
13245,0
18935,0
18342,0
17161,0
1419,0
9585,0
8083,0
12271,0
16582,0
15333,0
17521,0
18916,0
12162,0
14989,0
12922,0
15425,0
17459,0
14136,0
4572,0
5823,0
8655,0
5524,0
14329,0
8863,0
10894,0
5381,0
11744,0
4876,0
6592,0
9917,0
5954,0
1414,0
0,0
3861,0
17554,0
15239,0
12401,0
3168,0
1117,0
17937,0
2470,0
10046,0
11367,0
12508,0
13900,0
12961,0
13622,0
11369,0
11505,0
1646,0
10927,0
3041,0
8848,0
19382,0
16248,0
6323,0
19015,0
6182,0
16832,0
13342,0
10514,0
3642,0
6301,0
3736,0
256,0
9290,0
7549,0
16570,0
6024,0
7783,0
15096,0
18838,0
836,0
7381,0
1933,0
6752,0
18689,0
13910,0
7727,0
10699,0
941,0
15976,0
6127,0
12527,0
6745,0
3798,0
11923,0
13695,0
1870,0
17726,0
18333,0
18498,0
13268,0
1404,0
5787,0
1088,0
7317,0
1029,0
14059,0
12335,0
18574,0
676,0
9323,0
5292,0
10615,0
1389,0
5678,0
12120,0
5252,0
1180,0
17061,0
13380,0
8167,0
264,0
1307,0
6376,0
19036,0
2400,0
11038,0
15126,0
15389,0
14093,0
19105,0
2024,0
11081,0
728,0
15449,0
19483,0
1069,0
1784,0
6892,0
1564,0
9057,0
9249,0
6343,0
13808,0
10406,0
5097,0
3080,0
13406,0
5507,0
11764,0
10608,0
17212,0
9349,0
13068,0
18698,0
476,0
4731,0
15804,0
3237,0
16203,0
3412,0
16475,0
19096,0
13714,0
6757,0
14229,0
9510,0
15678,0
1844,0
11046,0
4413,0
5271,0
11972,0
370,0
9633,0
10483,0
9757,0
6695,0
18962,0
3981,0
12280,0
5248,0
16386,0
14748,0
13082,0
13074,0
3582,0
19618,0
2834,0
5593,0
10792,0
14580,0
1559,0
6250,0
18132,0
15945,0
6830,0
4881,0
4359,0
5827,0
4560,0
18694,0
2896,0
5337,0
5684,0
3731,0
17330,0
12528,0
12470,0
2738,0
4917,0
16295,0
19438,0
7262,0
7828,0
9466,0
7464,0
18185,0
12213,0
12136,0
16568,0
17094,0
6614,0
9951,0
1374,0
11655,0
1273,0
5349,0
9124,0
15635,0
16891,0
18166,0
13774,0
14311,0
4532,0
5506,0
14738,0
324,0
14756,0
18972,0
10401,0
7076,0
8200,0
13870,0
3957,0
11883,0
18885,0
5680,0
17963,0
537,0
12150,0
15078,0
11441,0
8255,0
18032,0
8343,0
4995,0
17762,0
4369,0
10690,0
9939,0
1743,0
11725,0
5360,0
5640,0
1693,0
12941,0
15357,0
16828,0
4465,0
15710,0
9293,0
12283,0
18056,0
10257,0
14565,0
12327,0
4938,0
4296,0
8479,0
7236,0
4687,0
9015,0
16056,0
3399,0
13908,0
10650,0
10159,0
7822,0
15316,0
4498,0
2149,0
6913,0
11869,0
18239,0
18180,0
12076,0
17319,0
16883,0
5642,0
10902,0
124,0
3470,0
758,0
9121,0
18045,0
9188,0
11937,0
18557,0
3841,0
9613,0
11164,0
9639,0
8467,0
14793,0
19745,0
16995,0
950,0
14893,0
2599,0
10533,0
18726,0
7786,0
2183,0
732,0
19368,0
6017,0
8057,0
15575,0
13698,0
19420,0
1251,0
8728,0
11232,0
14831,0
7914,0
13798,0
11852,0
4753,0
9920,0
1208,0
1517,0
19484,0
11110,0
12261,0
14322,0
4692,0
17960,0
19311,0
10872,0
2943,0
9667,0
3535,0
18412,0
19771,0
19739,0
166,0
10020,0
3443,0
13167,0
2808,0
7707,0
16374,0
8011,0
5745,0
8113,0
10121,0
11617,0
15385,0
7782,0
4935,0
12135,0
18266,0
5942,0
750,0
9386,0
11979,0
10329,0
10250,0
16304,0
6104,0
4814,0
3947,0
3146,0
3896,0
10922,0
6098,0
5320,0
19100,0
17056,0
13648,0
27,0
13276,0
17711,0
18641,0
10290,0
3610,0
13924,0
3092,0
2395,0
12094,0
17164,0
6080,0
10234,0
11383,0
7976,0
8484,0
10098,0
10512,0
4269,0
12109,0
4806,0
8638,0
4315,0
114,0
8528,0
11203,0
18840,0
7826,0
331,0
9294,0
2902,0
2640,0
18701,0
6805,0
1174,0
12371,0
2370,0
6787,0
19062,0
17000,0
10810,0
9029,0
5508,0
12553,0
70,0
2079,0
4081,0
19247,0
1662,0
11624,0
13296,0
7313,0
13458,0
11487,0
16075,0
10932,0
15328,0
8966,0
12351,0
1540,0
4297,0
11044,0
1968,0
11391,0
12712,0
9499,0
7813,0
14711,0
10861,0
2527,0
262,0
2207,0
2554,0
3584,0
18258,0
9540,0
67,0
8707,0
13133,0
17796,0
4276,0
1735,0
1456,0
1306,0
17631,0
5134,0
15028,0
7701,0
14722,0
17504,0
16707,0
17256,0
4195,0
6736,0
16264,0
3015,0
12183,0
17405,0
18517,0
6539,0
4140,0
13427,0
4852,0
6268,0
12966,0
8345,0
9890,0
12923,0
112,0
15713,0
3289,0
2945,0
11430,0
705,0
12180,0
6601,0
109,0
4462,0
18534,0
14008,0
14858,0
3394,0
18312,0
32,0
13039,0
11657,0
18287,0
3515,0
13346,0
16808,0
14460,0
15521,0
8813,0
2787,0
3978,0
15303,0
10983,0
477,0
13556,0
1358,0
2960,0
16085,0
6356,0
5287,0
2944,0
13855,0
5590,0
18922,0
18384,0
8214,0
13513,0
14265,0
11215,0
168,0
5396,0
15490,0
760,0
1008,0
15538,0
485,0
8168,0
5220,0
8147,0
6502,0
13252,0
16474,0
5846,0
12486,0
1715,0
149,0
155,0
7874,0
7797,0
4446,0
5378,0
16572,0
12810,0
14065,0
19607,0
12876,0
817,0
18837,0
17890,0
4812,0
4862,0
14735,0
16606,0
4744,0
7951,0
17028,0
610,0
3236,0
14926,0
16706,0
17674,0
1694,0
8762,0
10911,0
12326,0
10642,0
13763,0
17630,0
670,0
5970,0
10943,0
13722,0
12977,0
6677,0
12562,0
18706,0
7935,0
17548,0
3747,0
16314,0
9681,0
6065,0
2129,0
18130,0
14288,0
11275,0
6536,0
543,0
5207,0
14975,0
15619,0
17731,0
2137,0
16123,0
8170,0
12702,0
11610,0
4153,0
7622,0
3221,0
4263,0
7358,0
15623,0
15155,0
8348,0
1238,0
11092,0
13357,0
14739,0
1193,0
5282,0
11396,0
14443,0
7222,0
3815,0
14790,0
6533,0
9978,0
405,0
14199,0
6418,0
3712,0
5290,0
6364,0
12663,0
14120,0
9321,0
8395,0
19642,0
2937,0
11946,0
5800,0
7409,0
8744,0
11156,0
11159,0
17179,0
16513,0
5165,0
15331,0
4943,0
12385,0
5547,0
18243,0
17638,0
9161,0
15716,0
12014,0
13543,0
15664,0
11239,0
146,0
7028,0
8394,0
611,0
8486,0
5102,0
7988,0
1775,0
12919,0
6155,0
15301,0
19263,0
5972,0
4105,0
16274,0
4612,0
11088,0
15515,0
1212,0
17951,0
11634,0
10505,0
14587,0
15696,0
6466,0
8276,0
13776,0
8458,0
10426,0
10007,0
7128,0
8680,0
4142,0
10226,0
644,0
13203,0
12920,0
11008,0
14192,0
13030,0
9894,0
1667,0
3786,0
14961,0
14100,0
10220,0
14402,0
10155,0
7394,0
11033,0
19189,0
92,0
7774,0
7458,0
7637,0
14425,0
6721,0
13253,0
19705,0
4314,0
3639,0
9891,0
9450,0
4093,0
11176,0
440,0
16245,0
14298,0
10083,0
14533,0
893,0
6332,0
16850,0
14041,0
3119,0
8182,0
10952,0
17629,0
6507,0
16268,0
2701,0
2866,0
10041,0
3743,0
15000,0
13643,0
8949,0
3603,0
16754,0
9320,0
12576,0
5401,0
618,0
8298,0
5164,0
19796,0
4913,0
7957,0
13604,0
18381,0
13694,0
1399,0
3495,0
19433,0
9259,0
16224,0
6685,0
14290,0
1118,0
8012,0
3012,0
15869,0
5635,0
3488,0
5903,0
17148,0
1186,0
11315,0
6803,0
10822,0
15391,0
6748,0
15104,0
15353,0
2743,0
6273,0
15412,0
18993,0
8887,0
1240,0
9659,0
8252,0
2851,0
3958,0
5947,0
8845,0
18961,0
6229,0
11251,0
18025,0
7582,0
11878,0
1874,0
245,0
1528,0
5187,0
1792,0
16197,0
18931,0
12870,0
1557,0
11204,0
2017,0
7533,0
9799,0
15208,0
535,0
5761,0
1156,0
18861,0
8119,0
7861,0
16833,0
3514,0
8838,0
78,0
2211,0
1728,0
19671,0
1070,0
14861,0
12259,0
6597,0
10152,0
8861,0
1994,0
18070,0
10063,0
10049,0
6612,0
8014,0
14968,0
18546,0
5356,0
1305,0
8178,0
15612,0
13131,0
7477,0
6869,0
18426,0
6976,0
16385,0
12484,0
16701,0
5660,0
2880,0
2793,0
7468,0
9167,0
19006,0
3934,0
7430,0
8391,0
19636,0
2357,0
16292,0
16218,0
17156,0
16773,0
12535,0
6025,0
335,0
7116,0
13403,0
3239,0
5552,0
948,0
10823,0
3177,0
293,0
19576,0
15317,0
3625,0
14579,0
18448,0
15867,0
18301,0
1351,0
3864,0
18361,0
6894,0
19392,0
6371,0
116,0
11241,0
5689,0
16968,0
10846,0
15173,0
3397,0
15671,0
19250,0
5496,0
18843,0
18192,0
17656,0
11056,0
13724,0
19670,0
14820,0
9229,0
80,0
8365,0
9666,0
3503,0
2031,0
19649,0
13028,0
3010,0
11783,0
4169,0
19207,0
9265,0
10787,0
17131,0
3722,0
4633,0
6402,0
6731,0
11182,0
4931,0
4722,0
2217,0
3782,0
13027,0
437,0
6118,0
17900,0
8230,0
14963,0
6700,0
5353,0
13165,0
17015,0
13107,0
5893,0
2440,0
9898,0
19775,0
1582,0
16638,0
12092,0
16769,0
7713,0
1731,0
9292,0
4827,0
17689,0
13650,0
9341,0
2562,0
8040,0
315,0
33,0
15499,0
4941,0
17328,0
12503,0
15016,0
17382,0
6411,0
12997,0
129,0
4036,0
4255,0
4598,0
4966,0
19577,0
8566,0
1865,0
9248,0
9058,0
2197,0
3956,0
4967,0
5751,0
14578,0
19403,0
7752,0
9652,0
19007,0
137,0
14526,0
25,0
6699,0
2898,0
17992,0
8063,0
12830,0
9815,0
14881,0
6585,0
546,0
5865,0
10815,0
13964,0
12339,0
7489,0
12384,0
3195,0
639,0
18871,0
2309,0
14362,0
17843,0
8307,0
10947,0
12797,0
12852,0
16877,0
4034,0
4052,0
12472,0
16426,0
15988,0
18115,0
4520,0
4370,0
703,0
5812,0
19411,0
17589,0
6454,0
13397,0
2364,0
13347,0
11139,0
11174,0
6067,0
10907,0
16976,0
9932,0
18897,0
946,0
16794,0
12614,0
771,0
16945,0
4858,0
4505,0
6997,0
3063,0
5404,0
5986,0
17832,0
5269,0
4311,0
11148,0
1934,0
9749,0
12624,0
17041,0
2966,0
8978,0
333,0
19634,0
14458,0
14440,0
12885,0
2078,0
17255,0
19732,0
18808,0
1266,0
15973,0
6543,0
14877,0
4661,0
1396,0
7632,0
12735,0
19466,0
13171,0
13339,0
6645,0
8464,0
4194,0
9555,0
1992,0
6321,0
17683,0
11738,0
1059,0
5357,0
548,0
2139,0
8646,0
10987,0
19754,0
8387,0
7672,0
16359,0
5728,0
13840,0
18981,0
2359,0
3235,0
12303,0
13092,0
11573,0
14983,0
2266,0
14973,0
18097,0
460,0
3462,0
7074,0
692,0
8706,0
2165,0
2921,0
13242,0
17310,0
11659,0
5889,0
7538,0
6638,0
1696,0
5539,0
11550,0
1452,0
9255,0
5476,0
15257,0
9818,0
8547,0
15881,0
13051,0
5825,0
10816,0
13279,0
4387,0
5390,0
9034,0
14430,0
12153,0
7896,0
12083,0
247,0
15770,0
6872,0
13756,0
7455,0
3718,0
18222,0
1335,0
154,0
19688,0
5472,0
5370,0
9961,0
14572,0
15527,0
805,0
724,0
13069,0
7702,0
6868,0
11147,0
9303,0
12010,0
10109,0
17894,0
7767,0
10997,0
6170,0
12861,0
6160,0
19310,0
18771,0
3684,0
4003,0
17707,0
1740,0
3936,0
19507,0
11338,0
18764,0
11047,0
14212,0
10096,0
13617,0
16791,0
8473,0
6038,0
19042,0
3252,0
15436,0
1802,0
7411,0
3120,0
19248,0
19081,0
3257,0
14028,0
4179,0
15848,0
6018,0
16542,0
11611,0
2989,0
650,0
14497,0
15036,0
19342,0
11755,0
18512,0
15717,0
19608,0
12167,0
14939,0
1937,0
15764,0
12216,0
16237,0
15253,0
3025,0
15342,0
15290,0
3414,0
13146,0
4420,0
7235,0
18366,0
18909,0
1089,0
17009,0
6588,0
14685,0
16178,0
6395,0
609,0
10000,0
9525,0
18477,0
5225,0
3332,0
12278,0
13557,0
4356,0
17768,0
6640,0
15048,0
2336,0
5406,0
18996,0
15905,0
2117,0
18140,0
8068,0
13249,0
8908,0
18211,0
14017,0
199,0
13287,0
1801,0
10729,0
8054,0
12015,0
2216,0
13825,0
16223,0
17366,0
10624,0
4006,0
19613,0
8150,0
18257,0
8872,0
12389,0
6288,0
17942,0
5182,0
19068,0
19384,0
18637,0
2882,0
18013,0
9865,0
14785,0
14066,0
13270,0
16768,0
15934,0
4978,0
2688,0
6904,0
14148,0
9012,0
15685,0
5641,0
6237,0
12636,0
1776,0
15206,0
5906,0
12628,0
8801,0
1080,0
4638,0
17042,0
18773,0
13966,0
14436,0
10948,0
18087,0
4089,0
10540,0
5760,0
13865,0
1703,0
14213,0
5871,0
8355,0
16691,0
2929,0
7160,0
675,0
2140,0
4555,0
103,0
4802,0
13056,0
8971,0
16433,0
11474,0
10210,0
5588,0
18538,0
7296,0
11122,0
2662,0
16778,0
11583,0
13305,0
4777,0
15021,0
11683,0
5029,0
12453,0
9247,0
15491,0
9261,0
15698,0
19721,0
3136,0
3836,0
12907,0
11354,0
2086,0
16807,0
12132,0
16819,0
3425,0
16177,0
12647,0
963,0
10668,0
7485,0
14191,0
2544,0
15822,0
3219,0
176,0
1350,0
13103,0
3705,0
14838,0
6886,0
19118,0
2923,0
16549,0
14488,0
17178,0
17770,0
3682,0
13835,0
17487,0
4285,0
5037,0
5783,0
9191,0
16942,0
10062,0
6996,0
19727,0
7123,0
5391,0
5316,0
9042,0
15655,0
8289,0
8822,0
6435,0
10713,0
5735,0
14467,0
15898,0
5582,0
1235,0
15248,0
135,0
7287,0
6884,0
16217,0
449,0
3416,0
17019,0
10275,0
14993,0
11212,0
17072,0
16566,0
5264,0
3487,0
14343,0
7795,0
18730,0
14734,0
8618,0
7079,0
352,0
2333,0
6066,0
5255,0
13721,0
13992,0
1323,0
16093,0
15456,0
757,0
3254,0
14699,0
12606,0
16777,0
803,0
18076,0
18106,0
10381,0
6208,0
9053,0
17492,0
739,0
4309,0
7815,0
17658,0
18247,0
1842,0
1014,0
3692,0
12933,0
7472,0
3649,0
8982,0
18928,0
14197,0
2441,0
18665,0
19616,0
6145,0
10741,0
17706,0
8205,0
19014,0
11199,0
12336,0
2821,0
16803,0
3666,0
14398,0
17667,0
15600,0
15953,0
4045,0
16469,0
4742,0
12772,0
3481,0
14653,0
7379,0
11768,0
11279,0
5960,0
14484,0
1993,0
18447,0
10619,0
13066,0
3848,0
11256,0
12623,0
79,0
9250,0
14903,0
15067,0
9429,0
1803,0
9872,0
198,0
17336,0
7257,0
4587,0
11720,0
16398,0
337,0
7067,0
18967,0
11163,0
5080,0
11584,0
15483,0
4466,0
16143,0
17800,0
17780,0
16275,0
19571,0
11653,0
18774,0
16978,0
12784,0
5437,0
14634,0
18075,0
11472,0
9656,0
19718,0
418,0
6758,0
19629,0
19221,0
8644,0
8795,0
1125,0
6846,0
377,0
13144,0
9792,0
12078,0
17498,0
19460,0
17786,0
7801,0
2842,0
6181,0
4563,0
921,0
23,0
11718,0
7564,0
18330,0
5201,0
3980,0
8867,0
390,0
9858,0
14424,0
13271,0
4644,0
13350,0
11460,0
9001,0
5032,0
12828,0
10706,0
17444,0
12250,0
6265,0
15798,0
16694,0
53,0
13926,0
14238,0
11361,0
16851,0
18351,0
1744,0
1464,0
10036,0
16324,0
8969,0
2906,0
7939,0
5925,0
649,0
16579,0
14631,0
11364,0
17102,0
14742,0
12689,0
6834,0
3765,0
142,0
1315,0
6798,0
15790,0
19586,0
14582,0
8462,0
566,0
14909,0
2015,0
19235,0
2616,0
16743,0
13500,0
5983,0
5266,0
2338,0
5926,0
15068,0
8738,0
1283,0
14744,0
15144,0
10271,0
5741,0
15402,0
11700,0
2059,0
10909,0
3056,0
8599,0
19706,0
9542,0
774,0
1326,0
11904,0
9232,0
6946,0
17369,0
6186,0
18895,0
3862,0
13952,0
9986,0
18043,0
17649,0
3561,0
4328,0
5328,0
16200,0
12106,0
1790,0
18948,0
6672,0
5439,0
4044,0
497,0
14951,0
15914,0
7819,0
5832,0
2121,0
7105,0
17185,0
14514,0
9131,0
18011,0
1146,0
14161,0
2176,0
9446,0
13683,0
3993,0
14556,0
5206,0
433,0
6796,0
1780,0
3928,0
19130,0
13608,0
19213,0
14196,0
13668,0
806,0
2209,0
6164,0
8701,0
629,0
12203,0
18505,0
18113,0
14492,0
8286,0
15231,0
2350,0
14020,0
9017,0
9589,0
12800,0
7156,0
11351,0
12676,0
3833,0
7188,0
16630,0
6353,0
7745,0
5833,0
8600,0
11365,0
15616,0
14736,0
14314,0
6973,0
9933,0
16781,0
9453,0
19707,0
4863,0
11356,0
16732,0
19371,0
3904,0
13792,0
17174,0
16745,0
7338,0
4324,0
2013,0
15313,0
4530,0
5095,0
19187,0
11820,0
4758,0
4709,0
714,0
1645,0
10169,0
8571,0
19527,0
9407,0
17941,0
19451,0
15827,0
6806,0
19106,0
9367,0
11107,0
973,0
5901,0
11579,0
11595,0
3883,0
6495,0
16063,0
4065,0
4472,0
1177,0
417,0
16509,0
540,0
8336,0
12738,0
3995,0
11219,0
3650,0
2296,0
9423,0
9884,0
10301,0
10443,0
17168,0
2939,0
5092,0
9332,0
3191,0
16179,0
2329,0
11134,0
17605,0
8875,0
153,0
7619,0
12879,0
16151,0
16902,0
10834,0
3379,0
12916,0
3114,0
8375,0
1272,0
2773,0
9169,0
18441,0
10254,0
11463,0
5424,0
9916,0
5829,0
3433,0
2401,0
19190,0
4699,0
9984,0
8035,0
7061,0
19759,0
6532,0
2043,0
17124,0
12125,0
6570,0
3890,0
5494,0
11290,0
14500,0
15699,0
19074,0
10609,0
12230,0
12729,0
5874,0
2479,0
12397,0
16057,0
8322,0
5560,0
15824,0
7111,0
6444,0
13071,0
1832,0
2225,0
7130,0
9181,0
6974,0
10518,0
14705,0
10796,0
7588,0
3366,0
3789,0
18262,0
12515,0
14111,0
9382,0
12202,0
6433,0
15576,0
3411,0
18749,0
10035,0
12383,0
14703,0
4392,0
12706,0
17938,0
3357,0
4689,0
17157,0
16738,0
2339,0
10753,0
16133,0
15093,0
11009,0
10299,0
50,0
1739,0
3253,0
11941,0
5603,0
6484,0
14089,0
16789,0
16158,0
4259,0
18037,0
10545,0
13839,0
9269,0
18269,0
9693,0
97,0
17693,0
6244,0
17627,0
7682,0
10686,0
17183,0
17132,0
14717,0
5861,0
11788,0
11631,0
1508,0
6848,0
10093,0
17390,0
5822,0
15395,0
9077,0
19447,0
16963,0
19293,0
6978,0
7099,0
2142,0
3167,0
15198,0
11575,0
2697,0
15250,0
7347,0
18937,0
7406,0
18905,0
4233,0
18787,0
10716,0
12757,0
14929,0
14219,0
19085,0
6477,0
8179,0
13687,0
18818,0
3814,0
15931,0
411,0
17593,0
14813,0
712,0
19328,0
7059,0
4908,0
8722,0
7747,0
6519,0
3407,0
12362,0
9556,0
17449,0
6893,0
5366,0
10765,0
5136,0
4981,0
10534,0
14182,0
19655,0
3626,0
8520,0
11704,0
19170,0
13099,0
12272,0
10730,0
4188,0
2626,0
19141,0
10824,0
10017,0
14447,0
10051,0
5643,0
16726,0
9576,0
15174,0
7516,0
977,0
18406,0
13782,0
17856,0
8621,0
12286,0
17556,0
16611,0
2981,0
2613,0
13449,0
15455,0
6315,0
18376,0
11903,0
638,0
1459,0
6345,0
2746,0
5749,0
4968,0
18019,0
11845,0
13995,0
12582,0
12062,0
15172,0
14409,0
18165,0
15823,0
16113,0
13550,0
11971,0
8941,0
18654,0
16221,0
3431,0
12665,0
13308,0
10802,0
12086,0
12822,0
9519,0
12619,0
11965,0
19351,0
5613,0
831,0
1734,0
12319,0
8630,0
15125,0
8979,0
18709,0
12584,0
9109,0
8198,0
3714,0
15193,0
18615,0
7176,0
6556,0
11267,0
2021,0
18752,0
15662,0
18186,0
15891,0
7031,0
13354,0
14113,0
4620,0
5323,0
7616,0
14763,0
8900,0
13269,0
19202,0
845,0
13112,0
3547,0
637,0
11508,0
18896,0
298,0
3228,0
6253,0
2905,0
17523,0
6139,0
12799,0
12455,0
3392,0
10410,0
4841,0
11770,0
13827,0
5591,0
4631,0
13108,0
8041,0
17755,0
18836,0
10192,0
3439,0
14998,0
1105,0
6931,0
4513,0
14674,0
13169,0
16536,0
18877,0
8831,0
15015,0
15413,0
4594,0
8112,0
16317,0
2367,0
17439,0
6278,0
10598,0
5433,0
4319,0
3773,0
3681,0
6159,0
16544,0
12215,0
6130,0
9129,0
17100,0
11818,0
17789,0
9210,0
13178,0
3598,0
2877,0
17813,0
15040,0
9022,0
6156,0
8480,0
8500,0
11216,0
2091,0
19621,0
3617,0
9683,0
12363,0
4304,0
10649,0
13675,0
447,0
1623,0
4391,0
15985,0
4376,0
8396,0
13059,0
9206,0
86,0
18276,0
3913,0
2133,0
7706,0
7717,0
8271,0
8494,0
12570,0
6202,0
3876,0
15360,0
15494,0
430,0
12990,0
4225,0
16446,0
13337,0
12058,0
17271,0
18593,0
12613,0
5712,0
9653,0
840,0
2055,0
19454,0
15939,0
10295,0
1946,0
17854,0
15279,0
8376,0
16125,0
15882,0
4541,0
1164,0
7670,0
18367,0
4971,0
16435,0
2857,0
4239,0
3908,0
18640,0
10859,0
19000,0
8868,0
7629,0
2353,0
13446,0
5446,0
17364,0
16059,0
14874,0
3530,0
8004,0
4760,0
5246,0
6072,0
2548,0
17912,0
12755,0
12349,0
7308,0
9067,0
1182,0
16752,0
7597,0
13175,0
10347,0
18645,0
16019,0
883,0
7068,0
2369,0
15234,0
14665,0
1285,0
15906,0
63,0
11392,0
1462,0
2515,0
2056,0
4395,0
12376,0
11058,0
1048,0
14725,0
19435,0
3380,0
10396,0
19364,0
5286,0
8592,0
1205,0
6055,0
1959,0
8121,0
5614,0
14446,0
19033,0
8435,0
5081,0
7212,0
8918,0
1099,0
12141,0
12145,0
5753,0
1468,0
4487,0
14719,0
14536,0
7132,0
16709,0
18062,0
15487,0
2023,0
15581,0
6357,0
12908,0
7201,0
5549,0
2615,0
2362,0
13396,0
9886,0
10465,0
2004,0
16486,0
14906,0
3672,0
17526,0
12505,0
3589,0
361,0
18101,0
11948,0
4725,0
4828,0
11589,0
17026,0
12033,0
15406,0
10573,0
10855,0
8443,0
15850,0
916,0
16597,0
3017,0
1179,0
10293,0
2779,0
14315,0
10162,0
9688,0
3590,0
14765,0
12753,0
952,0
19446,0
16465,0
10460,0
3839,0
19513,0
454,0
2351,0
13333,0
7519,0
15348,0
2725,0
13785,0
12571,0
13672,0
18198,0
7498,0
13662,0
11412,0
17083,0
4823,0
15044,0
15928,0
18883,0
16273,0
9197,0
2389,0
4937,0
3636,0
15121,0
2581,0
8659,0
815,0
9199,0
672,0
9115,0
15702,0
3106,0
5242,0
7112,0
12914,0
2074,0
4588,0
16430,0
6522,0
15506,0
12771,0
4483,0
1614,0
15154,0
762,0
16555,0
3,0
1246,0
16371,0
3643,0
3516,0
18465,0
1658,0
18971,0
19039,0
4135,0
7785,0
1534,0
11673,0
7660,0
18403,0
7322,0
18123,0
8854,0
18234,0
8272,0
17551,0
7780,0
19120,0
5326,0
11887,0
463,0
6251,0
12279,0
4626,0
2239,0
9783,0
10747,0
5310,0
10780,0
19551,0
4412,0
4209,0
13969,0
6452,0
13152,0
957,0
12585,0
16669,0
12332,0
15663,0
14561,0
10860,0
4698,0
3669,0
1687,0
16820,0
2890,0
3011,0
15774,0
1007,0
962,0
18425,0
3691,0
19508,0
8120,0
10371,0
14895,0
1932,0
11397,0
13843,0
9730,0
101,0
13058,0
2388,0
17229,0
15366,0
1453,0
13872,0
3809,0
3690,0
15118,0
9340,0
1610,0
18004,0
4166,0
838,0
13582,0
16665,0
394,0
10565,0
19440,0
15145,0
2458,0
3190,0
18853,0
6459,0
6152,0
11546,0
6243,0
14607,0
12274,0
19469,0
11730,0
5982,0
7490,0
9769,0
15707,0
14540,0
4460,0
19737,0
8510,0
9995,0
8954,0
5968,0
9471,0
11068,0
3824,0
1521,0
6624,0
9084,0
7465,0
7799,0
12321,0
10646,0
18383,0
5934,0
7630,0
3778,0
12469,0
6693,0
4818,0
6068,0
16708,0
11793,0
481,0
4073,0
12670,0
3179,0
18060,0
12722,0
17591,0
9642,0
17967,0
14303,0
14988,0
12164,0
19098,0
13940,0
11875,0
2289,0
12904,0
13886,0
1446,0
10025,0
4568,0
16698,0
16894,0
7328,0
1380,0
5810,0
3727,0
17076,0
10746,0
7129,0
19077,0
7293,0
2311,0
4348,0
16305,0
16867,0
11492,0
3963,0
7763,0
622,0
6682,0
16406,0
19556,0
7566,0
12720,0
14960,0
10748,0
18559,0
19327,0
6548,0
2391,0
5781,0
12079,0
8819,0
15025,0
1237,0
3933,0
13136,0
19396,0
10908,0
5692,0
18169,0
18659,0
3047,0
3767,0
1128,0
16853,0
15081,0
4961,0
5405,0
18864,0
2198,0
14994,0
5129,0
17849,0
7522,0
4657,0
2028,0
18202,0
12837,0
3717,0
17307,0
16476,0
8134,0
6410,0
3147,0
15013,0
15736,0
16477,0
10569,0
7860,0
1979,0
1905,0
10749,0
12022,0
12372,0
7905,0
15697,0
6703,0
17624,0
16559,0
13954,0
5955,0
8899,0
3849,0
14347,0
3881,0
7412,0
3315,0
9030,0
1290,0
17381,0
12227,0
17060,0
6483,0
9284,0
11026,0
18588,0
3111,0
17788,0
3738,0
9139,0
12956,0
6074,0
16044,0
4310,0
17470,0
4120,0
12758,0
16212,0
4421,0
11756,0
4261,0
5850,0
9276,0
16610,0
7709,0
7184,0
16159,0
6036,0
4787,0
7221,0
13810,0
15594,0
7625,0
14979,0
8302,0
3524,0
11090,0
492,0
4393,0
14296,0
8290,0
501,0
1621,0
16339,0
7847,0
2084,0
17339,0
17084,0
16648,0
18143,0
4454,0
17116,0
19801,0
2235,0
7463,0
15037,0
9270,0
1518,0
5818,0
16966,0
4215,0
2283,0
13316,0
19437,0
928,0
7267,0
305,0
7010,0
11098,0
12222,0
4723,0
5244,0
8860,0
15421,0
6207,0
17171,0
18349,0
6032,0
421,0
7092,0
14480,0
13961,0
939,0
15551,0
4010,0
15842,0
16373,0
6823,0
13090,0
9071,0
9813,0
10103,0
10362,0
5363,0
6818,0
19056,0
13298,0
5294,0
3333,0
8947,0
12357,0
36,0
18000,0
17725,0
11907,0
6432,0
19743,0
11311,0
17476,0
461,0
11160,0
5880,0
2956,0
16154,0
15347,0
1644,0
8169,0
14078,0
4864,0
17727,0
10211,0
19441,0
15740,0
17524,0
19252,0
346,0
3035,0
8735,0
1986,0
10978,0
1480,0
6514,0
1481,0
10058,0
5126,0
13519,0
17577,0
19303,0
357,0
11329,0
13227,0
1515,0
4021,0
17172,0
5543,0
14365,0
18828,0
6180,0
18410,0
17154,0
19366,0
1170,0
9358,0
14302,0
